Supplier,SKU,ProductName
Campbells,C395A,NUTTELEX (BOX 12)
Campbells,VFS,V FULL STRENGTH 250ml
Campbells,VFREE,V SUGAR FREE 250ml
Lactalis Australia Pty Ltd,30490,2LT PROFESSIONAL FULL CREAM
Lactalis Australia Pty Ltd,43502,2LT CAFE CREMA
Lactalis Australia Pty Ltd,30057,2LT TRIM
Lactalis Australia Pty Ltd,73483,2LT PAULS PROTEIN PLUS LOW FAT
Lactalis Australia Pty Ltd,30107,2LT PROFESSIONAL SKINNY
Lactalis Australia Pty Ltd,40248,MOOLOO LITE 2LT
Lactalis Australia Pty Ltd,18532,MOOLOO FULL CREAM 3LT
Lactalis Australia Pty Ltd,19100,MOOLOO FULL CREAM 2LT
Lactalis Australia Pty Ltd,1003,2LT PAULS FULL CREAM
Lactalis Australia Pty Ltd,801,2LT REV LOW FAT
Lactalis Australia Pty Ltd,39482,2LT SMARTER WHITE
Lactalis Australia Pty Ltd,909,SKINNY 2LT
Lactalis Australia Pty Ltd,230410,PAULS ZYMIL EXTRA CREAMY 1.5L
Lactalis Australia Pty Ltd,48186,PAULS FARMHOUSE GOLD 1.5LT
Lactalis Australia Pty Ltd,46703,PAULS FARMHOUSE GOLD UNHOMO 1.5LT
Lactalis Australia Pty Ltd,47300,750ML PAULS FARMHOUSE GOLD
Lactalis Australia Pty Ltd,5995,1LT PAULS FULL CREAM
Lactalis Australia Pty Ltd,39466,1LT  SMARTER WHITE
Lactalis Australia Pty Ltd,851,1LT REV LOW FAT
Lactalis Australia Pty Ltd,14584,1LT PHYSICAL LOW FAT
Lactalis Australia Pty Ltd,14592,PHYSICAL LOW FAT 2LT
Lactalis Australia Pty Ltd,26876,3LT  SMARTER WHITE
Lactalis Australia Pty Ltd,70120,2LT PAULS ZYMIL FULL CREAM
Lactalis Australia Pty Ltd,74930,2LT PAULS ZYMIL LOW FAT
Lactalis Australia Pty Ltd,5987,PAULS FULL CREAM 600ML
Lactalis Australia Pty Ltd,41339,TRIPLE SHOT 750ML ICE BREAK
Lactalis Australia Pty Ltd,41275,TRIPLE SHOT 500ML ICE BREAK
Lactalis Australia Pty Ltd,16110,750ML ICE BREAK
Lactalis Australia Pty Ltd,16010,500ML ICE BREAK
Lactalis Australia Pty Ltd,47853,FULL CREAM 24x150ML PROFESSIONAL
Lactalis Australia Pty Ltd,47968,TRIM 24x150ML PROFESSIONAL
Lactalis Australia Pty Ltd,228180,ICE BREAK STRONG ESPRESSO PROTEIN 750ML
Lactalis Australia Pty Ltd,22444,PAULS ZYMIL FULL CREAM  1LT
Lactalis Australia Pty Ltd,16741,PAULS ZYMIL LOW FAT 1LT
Lactalis Australia Pty Ltd,30720,PAULS ZYMIL SKIM 1LT
Lactalis Australia Pty Ltd,188300,KRAFT SANDWICH CHEESE SLICES 1.5KG
Lactalis Australia Pty Ltd,197000,KRAFT TASTY CHEESE SLICES 96 1.5KG
Lactalis Australia Pty Ltd,185200,KRAFT TASTY CHEESE SLICES 72S 1.5KG
Lactalis Australia Pty Ltd,228283,KRAFT TASTY THICK CHEESE SHRED 2KG
Lactalis Australia Pty Ltd,228293,KRAFT TASTY FINE CHEESE SHREDDED 2KG
Lactalis Australia Pty Ltd,73079,ICE BREAK STRONG ESPRESSO PROTEIN 500ML
Lactalis Australia Pty Ltd,76660,ICE BREAK LACTOSE FREE 500ML
Lactalis Australia Pty Ltd,73653,OAK LACTOSE FREE CHOCOLATE 600ML
Lactalis Australia Pty Ltd,73176,LIGHT SOUR CREAM 2KG
Lactalis Australia Pty Ltd,15798,PAULS THICKENED CREAM 300ML
Lactalis Australia Pty Ltd,62626,PAULS SOUR LIGHT CREAM 250GM
Lactalis Australia Pty Ltd,10016,PAULS THICKENED CREAM 500ML
Lactalis Australia Pty Ltd,80342,450ML HARVEY FRESH ORANGE REAL JUICE
Lactalis Australia Pty Ltd,80299,450ML HARVEY FRESH APPLE REAL JUICE
Lactalis Australia Pty Ltd,80301,450ML HARVEY FRESH APPLE & BLACKCURRANT REAL JUICE
Lactalis Australia Pty Ltd,80355,450ML HARVEY FRESH ORANGE & PASSION JUICE
Lactalis Australia Pty Ltd,80353,450ML HARVEY FRESH ORANGE & MANGO JUICE
Lactalis Australia Pty Ltd,78037,PAULS PROFESSIONAL BUTTER UNSALTED 500GM
Lactalis Australia Pty Ltd,228470,BALLANTYNES SPREADABLE LIGHTER BUTTER 200x7GM
Lactalis Australia Pty Ltd,71582,PRESIDENT PRO BUTTER SALTED ROLL 1KG
Lactalis Australia Pty Ltd,71477,PRESIDENT BUTTER UNSALTED ROLL 1KG
Lactalis Australia Pty Ltd,80340,2LT HARVEY FRESH ORANGE REAL JUICE
Lactalis Australia Pty Ltd,212925,JALNA LACTOSE FREE VANILLA YOGHURT 1KG
Lactalis Australia Pty Ltd,80298,2LT HARVEY FRESH CLOUDY APPLE REAL JUICE
Lactalis Australia Pty Ltd,17347,VAALIA LOW FAT FRENCH VANILLA YOGHURT 4x150GM
Lactalis Australia Pty Ltd,36437,PAULS VANILLA CUSTARD 600GM
Lactalis Australia Pty Ltd,16950,VAALIA LOW FAT SMOOTH N CREAMY YOGHURT 12x100GM
Lactalis Australia Pty Ltd,40424,VAALIA LOW FAT FRENCH VANILLA YOGHURT 160GM
Lactalis Australia Pty Ltd,18032,VAALIA LOW FAT LUSCIOUS BERRIES YOGHURT 900GM
Lactalis Australia Pty Ltd,41398,VAALIA LOW FAT PASSIONFRUIT YOGHURT 160GM
Lactalis Australia Pty Ltd,17697,VAALIA LOW FAT FRENCH VANILLA YOGHURT 900GM
Lactalis Australia Pty Ltd,780337,PRESIDENT CAMEMBERT 6x200GM
Lactalis Australia Pty Ltd,780336,PRESIDENT DOUBLE BRIE 6x200GM
Lactalis Australia Pty Ltd,87900,CREAM CULINARY 1LT PROFESSIONAL
Lactalis Australia Pty Ltd,70358,NESTLE MILO DESSERT SNACK POUCH CHOCOLATE 150GM
Lactalis Australia Pty Ltd,16213,PAULS VANILLA CUSTARD SNACK PACK 6x150GM
Lactalis Australia Pty Ltd,43625,PAULS ZYMIL VANILLA CUSTARD 1KG
Lactalis Australia Pty Ltd,60444,PAULS ZYMIL CHOCOLATE 400ML
Lactalis Australia Pty Ltd,77624,PAULS PROFESSIONAL BUTTER SALTED 1.5KG
Lactalis Australia Pty Ltd,78312,PAULS PROFESSIONAL BUTTER UNSALTED 1.5KG
Lactalis Australia Pty Ltd,188200,KRAFT AMERICAN BURGER CHEESE SLICES 1.5KG
Lactalis Australia Pty Ltd,129366,PAULS VANILLA CUSTARD 1KG
Lactalis Australia Pty Ltd,75231,VAALIA KIDS STRAWBERRY YOGHURT 140GM
Lactalis Australia Pty Ltd,75064,VAALIA KIDS VANILLA YOGHURT 140GM
Lactalis Australia Pty Ltd,22608,PAULS LOW FAT BUTTERMILK 600ML
Lactalis Australia Pty Ltd,72804,PRESIDENT MINITUB SALTED BUTTER 100x8GM
Campbells,7547,FLOUR TORTILLA 10 INCH MISSION
Lactalis Australia Pty Ltd,3850,PAULS VANILLA CUSTARD 2KG
Lactalis Australia Pty Ltd,70526,OAK PLUS NO SUGAR ADDED CHOCOLATE 500ML
Lactalis Australia Pty Ltd,70535,OAK PLUS NO SUGAR ADDED VANILLA 500ML
Lactalis Australia Pty Ltd,76831,GYG & PROFESSIONAL SOFT SERVE VANILLA 10LT
Campbells,4015,BULLA CREAM THICKENED 5LT
Lactalis Australia Pty Ltd,4651,PAULS SOUR LIGHT CREAM 5KG
Lactalis Australia Pty Ltd,73880,THICKENED CREAM 3LT PROFESSIONAL
Lactalis Australia Pty Ltd,7333,PAULS YOGHURT VANILLA 1KG
Lactalis Australia Pty Ltd,72043,2LT OAK ICED COFFEE
Lactalis Australia Pty Ltd,73898,2LT OAK STRAWBERRY
Lactalis Australia Pty Ltd,73897,2LT OAK CHOCOLATE
Lactalis Australia Pty Ltd,38279,2LT ICE BREAK
Lactalis Australia Pty Ltd,45196,750ML OAK ESL ICED COFFEE
Lactalis Australia Pty Ltd,230350,750ML OAK ESL CHOCOLATE
Lactalis Australia Pty Ltd,230360,750ML OAK ESL STRAWBERRY
Lactalis Australia Pty Ltd,230150,OAK PLUS NO ADDED SUGAR SALTED CARAMEL 500ML
Lactalis Australia Pty Ltd,34868,300ML OAK CHOCOLATE 300ML
Lactalis Australia Pty Ltd,228500,400ML PAULS PLUS CHOCOLATE
Lactalis Australia Pty Ltd,228510,400ML PAULS PLUS BANANA HONEY
Lactalis Australia Pty Ltd,34964,300ML OAK STRAWBERRY 300ML
Lactalis Australia Pty Ltd,34390,300ML OAK ICED COFFEE 300ML
Lactalis Australia Pty Ltd,73896,600ML OAK VANILLA MALT
Lactalis Australia Pty Ltd,73893,600ML OAK CHOCOLATE
Lactalis Australia Pty Ltd,78256,WHIPPING CREAM 1LT PROFESSIONAL
Lactalis Australia Pty Ltd,73605,TAMAR YOGHURT MANGOES AND CREAM YOGHURT 170G
Lactalis Australia Pty Ltd,73745,TAMAR YOGHURT BLUEBERRY CREAM YOGHURT 170G
Lactalis Australia Pty Ltd,72844,TAMAR VALLEY VANILLA BEAN YOGHURT 170G
Lactalis Australia Pty Ltd,73467,TAMAR YOGHURT STRAWBERRY AND CREAM YOGHURT 170G
Lactalis Australia Pty Ltd,75781,TAMAR CREAMERY AFFOGATO YOGHURT 6X170G
Lactalis Australia Pty Ltd,228530,PAULS PLUS PROTEIN CARAMEL DAIRY SNACK 6X160G
Lactalis Australia Pty Ltd,76801,PAULS PROTIEN STRAWBEEERY YOGHUT POUCH 14X150G
Lactalis Australia Pty Ltd,75715,PAULS PROTEIN VANILLA YOGHURT POUCH 14X150G
Lactalis Australia Pty Ltd,75707,PAULS PROTIEN BLUEBERRY YOGHURT POUCH 14X150G
Lactalis Australia Pty Ltd,78172,PAULS PLUS PROTEIN CHOCOLATE POUNCH 14X150G
Lactalis Australia Pty Ltd,79383,PAULS PLUS PROTEIN DAIRY SNACK VANILLA 160GM
Lactalis Australia Pty Ltd,79365,PAULS PLUS PROTEIN DAIRY SNACK CHOCOLATE 160GM
Lactalis Australia Pty Ltd,100100,LEMNOS AUSTRALIAN FETTA 12x180GM
Lactalis Australia Pty Ltd,101900,LEMNOS SMOOTH FETTA 12x200GM
Lactalis Australia Pty Ltd,101500,LEMNOS HALOUMI 12x180GM
Lactalis Australia Pty Ltd,167800,LEMNOS CUBED AUSTRALIAN FETTA 2KG
Lactalis Australia Pty Ltd,168000,LEMNOS PERSIAN FETTA 2KG
Lactalis Australia Pty Ltd,168100,LEMNOS HALOUMI 2KG
Lactalis Australia Pty Ltd,167700,LEMNOS DANISH STYLE FETTA 2KG
Lactalis Australia Pty Ltd,167900,LEMNOS FULL CREAM FETTA 2KG
Lactalis Australia Pty Ltd,43529,PAULS NATURAL YOGHURT 10KG
Lactalis Australia Pty Ltd,212918,JALNA SWEET & CREAMY YOGHURT 2KG
Lactalis Australia Pty Ltd,212885,JALNA GREEK NATURAL YOGHURT 2KG
Lactalis Australia Pty Ltd,83627,PAULS UHT FULL CREAM 4x6x200ML
Lactalis Australia Pty Ltd,17099,PAULS LONGLIFE FULL CREAM 12x1LT
Ozone Organics,73135,MILK LAB UHT ALMOND 8x1LT
Ozone Organics,61613,MILK LAB UHT SOY 8x1LT
Ozone Organics,MACAM,MILK LAB MACADAMIA 8X 1L
Ozone Organics,9210,MILK LAB LACTOSE FREE BOX 1 LITRE
Ozone Organics,COCO118,MILK LAB COCONUT 8X1L
Ozone Organics,73143,ALT DAIRY CO UHT OAT 12x1LT
Ozone Organics,75125,ALT DAIRY CO UHT SOY 12x1LT
Ozone Organics,75117,ALT DAIRY CO UHT ALMOND 12x1LT
Lactalis Australia Pty Ltd,3168,VITASOY CAFE UHT SOY 12x1LT
Australian Egg Co.,265,EGGS FILLER (FREE RANGE) BOX
Australian Egg Co.,267,EGGS FILLER (CAGED) BOX 700GM
Australian Egg Co.,266,EGGS FILLER (CAGED) BOX 600GM
Lactalis Australia Pty Ltd,47044,6X750M ICE BREAK CTN EX SHT
Lago,108,VIRGINIAN LEG HAM SLICED 1KG
Lactalis Australia Pty Ltd,67139,6X750M ICE BREAK CTN
Lago,PLU127,BACON LONG CUT  RINDLESS  2.5KGX2
Lactalis Australia Pty Ltd,49779,OAK CHOCOLATE 6X600ML
Lago,PLU131,BACON SHORT CUT RINDLESS 5KG
Lactalis Australia Pty Ltd,47183,OAK ICED COFFEE 6X600ML
Lactalis Australia Pty Ltd,45102,6X500M EXTRA SHOT
Lactalis Australia Pty Ltd,45356,ZYMIL UHT FULL CREAM 12x1LT
Lactalis Australia Pty Ltd,18374,ZYMIL LONGLIFE LOW FAT 12x1LT
Lactalis Australia Pty Ltd,71501,ZYMIL UHT SKIM 12x1LT
Lactalis Australia Pty Ltd,87636,OAK UHT CHOCOLATE 4x6x200ML
Lactalis Australia Pty Ltd,87732,OAK UHT STRAWBERRY 4x6x200ML
Lactalis Australia Pty Ltd,87740,OAK UHT COFFEE 4x6x200ML
Lactalis Australia Pty Ltd,3834,BREAKA LONGLIFE ICED COFFEE 4x6x250ML
Lactalis Australia Pty Ltd,7093,BREAKA LONGLIFE VANILLA 4x6x250ML
Lactalis Australia Pty Ltd,1783,BREAKA LONGLIFE STRAWBERRY 4x6x250ML
Ozone Organics,SOY BOY,HAPPY HAPPY SOY 6x1LT
Lactalis Australia Pty Ltd,1759,BREAKA LONGLIFE CHOCOLATE 4x6x250ML
Ozone Organics,V111,BONSOY 1LT (BOX)
Ozone Organics,OATLY,OATLY OAT MILK 6X1L UHT
Ozone Organics,TIGNUT,MADAM TIGER NUT MILK 6X1L UHT
Ozone Organics,VCAL,OAT CALIFIA BOX 1LT
Lactalis Australia Pty Ltd,72812,ZYMIL UHT FULL CREAM 8x3x250ML
Lactalis Australia Pty Ltd,230180,PROFESSIONAL VANILLA CUSTARD 12x100GM
Lactalis Australia Pty Ltd,228200,PAULS SMOOTH VANILLA & STRAWBERRY YOGHURT 24x90GM
Lactalis Australia Pty Ltd,76633,PAULS SMOOTH VANILLA YOGHURT 24x90GM
Lactalis Australia Pty Ltd,77640,MR WHIPPY & PROFESSIONAL SOFT SERVE VANILLA 10LT
Lactalis Australia Pty Ltd,64867,PROFESSIONAL SOFT SERVE VANILLA 10LT
Lactalis Australia Pty Ltd,80462,4x6x250ML HARVEY FRESH UHT ORANGE REAL JUICE
Lactalis Australia Pty Ltd,80412,4x6x250ML HARVEY FRESH UHT APPLE REAL JUICE
Lactalis Australia Pty Ltd,80026,4x6x250ML HARVEY FRESH UHT APPLE & B/CURRANT JUICE
Lactalis Australia Pty Ltd,61747,OAK UHT ICED COFFEE 500ML
Lactalis Australia Pty Ltd,61924,OAK UHT STRAWBERRY 500ML
Lactalis Australia Pty Ltd,61108,OAK UHT CHOCOLATE 500ML
Lactalis Australia Pty Ltd,230470,PAULS ZYMIL UHT BARISTA 12x1LT
Ozone Organics,76985,MILK LAB OAT MILK 1LT
Lactalis Australia Pty Ltd,230510,PAULS PROFESSIONAL LIQUID FRAPPE BASE UHT 1LT
Lactalis Australia Pty Ltd,70876,OAK MILKYBAR 6X600ML
Lactalis Australia Pty Ltd,230550,PAULS PROTIEN XPRESSO CARAMEL 400ml
Lactalis Australia Pty Ltd,74624,OAK STRAWBERRY 6X600ML
Lactalis Australia Pty Ltd,42593,6X600ML OAK VANM  CTN
Lactalis Australia Pty Ltd,43262,6X500M ICE BREAK
Lactalis Australia Pty Ltd,244630,PAULS PLUS PROTEIN VANILLA YOGHURT 160GM
Lactalis Australia Pty Ltd,244620,PAULS PLUS PROTEIN BLUEBERRY YOGHURT 160GM
Lactalis Australia Pty Ltd,244610,PAULS PLUS PROTEIN STRAWBERRY YOGHURT 160GM
Lactalis Australia Pty Ltd,244640,PAULS PLUS PROTEIN CHOCOLATE YOGHURT 160GM
Lactalis Australia Pty Ltd,212870,JALNA GREEK NATURAL YOGHURT 170GM
Lactalis Australia Pty Ltd,212921,JALNA LACTOSE FREE VANILLA YOGHURT 170GM
Lactalis Australia Pty Ltd,46527,TAMAR VALLEY GREEK YOGHURT 1KG
Lactalis Australia Pty Ltd,16926,RICH & FRUITY VAALIA 12X100g
Lactalis Australia Pty Ltd,17339,VAALIA NATURAL YOGHURT 900GM
Lactalis Australia Pty Ltd,230130,VAALIA STRAWBERRY YOGHURT 160G
Lactalis Australia Pty Ltd,230120,VAALIA MANGO/PEACH YOGHURT 160G
Lactalis Australia Pty Ltd,79419,PAULS PLUS PROTEIN VANILLA YOG 160G
Lactalis Australia Pty Ltd,79282,PAULS PLUS PROTEIN STRAW YOG 160G
Lactalis Australia Pty Ltd,79428,PAULS HP CHOC YOG 6X160G
Lactalis Australia Pty Ltd,79298,PAULS HP BLUEBRY YOG 6X160G
Lactalis Australia Pty Ltd,75255,PRESIDENT PROF BUTTER SALTED 20X500G
Lactalis Australia Pty Ltd,138500,HALOUMI REDUCED SALT 12X180G
Lactalis Australia Pty Ltd,75287,PRESIDENT PROF BUTTER UNSALTED 8X1.5KG
Lactalis Australia Pty Ltd,244680,KRAFT PARMESAN SHAVED 8x1KG
Lactalis Australia Pty Ltd,75263,PRESIDENT PROF BUTTER SALTED 8X1.5KG
Lactalis Australia Pty Ltd,244690,KRAFT MOZZARELLA SHREADDED 6x2KG
Lactalis Australia Pty Ltd,244670,KRAFT PIZZA SHREDDED 6x2KG
Lactalis Australia Pty Ltd,244740,PAULS BLUEY KIDS CHOCOLATE 250ML
Lactalis Australia Pty Ltd,244750,PAULS BLUEY KIDS STRAWBERRY 250ML
Lactalis Australia Pty Ltd,75279,PRESIDENT PROF BUTTER UNSALTED 20X500G
Lactalis Australia Pty Ltd,244810,OAK BANANA 750ML
Lactalis Australia Pty Ltd,230540,PAULS PLUS PROTIEN SUMMER BERRIES 400ML
Lactalis Australia Pty Ltd,244840,ICE BREAK NO ADDED SUGAR 500ML
Lactalis Australia Pty Ltd,244850,ICE BREAK NO ADDED SUGAR 750ML
Lactalis Australia Pty Ltd,212931,JALNA NATURAL YOGHURT 2KG
Lactalis Australia Pty Ltd,45890,PROFESSIONAL FULL CREAM QSS 10LT
Lactalis Australia Pty Ltd,46199,PROFESSIONAL SKINNY QSS 10LT
Quality Centre Food Services Pty Ltd,30120,AMBROSI PROVOLONCINO DOLCE APPROX 800 G [2/CTN]
Quality Centre Food Services Pty Ltd,30001,AMBROSI PROVOLONE DOLCE 5 KG APPROX [2/CTN]
Quality Centre Food Services Pty Ltd,225021,CARBONE SUNDRIED (SECCHI) TOMATOES IN OIL 950 G [6
Quality Centre Food Services Pty Ltd,01256,DEMETRA ONIONS BORETTANE IN BALSAMIC VINEGAR [3KG/
Quality Centre Food Services Pty Ltd,P60,DEPALMA PUMPKIN FLOWERS IN BATTER FROZEN 1KG BAG [
Quality Centre Food Services Pty Ltd,AGP15,GRANA PADANO WEDGE 15 MONTH
Quality Centre Food Services Pty Ltd,GRATEDGRANA,GRATED GRANA PADANO CHEESE DOP 1 KG
Quality Centre Food Services Pty Ltd,MANZONI114,MANZONI PORCINI DRIED 400G [6/CTN]
Quality Centre Food Services Pty Ltd,1673,MASCARPONE 500G
Quality Centre Food Services Pty Ltd,F3019203,PINNA PECORINO BRIGANTE W/H BLACK PEPPER APX.1.8KG
Quality Centre Food Services Pty Ltd,AMB001,PINNA PECORINO ROMANO DOP APPROX 1.5 KG [8/CTN]
Quality Centre Food Services Pty Ltd,SNT002,S.ANTONIO TALEGGIO DOP APPROX 2.5KG
Quality Centre Food Services Pty Ltd,S0401,SGIORGIO SFOGLIATELLA RICCIA LARGE 130G [60/CTN]
Quality Centre Food Services Pty Ltd,VC3120,VICENZOVO AMARETTI 500 G [4/CTN]
Quality Centre Food Services Pty Ltd,FRU008,WF BLACK PEPPER WHOLE 500 G JAR [6/CTN]
Nectar Juice House,33BG,NECTAR BEETROOT GINGER 300ML X 12
Nectar Juice House,333BG,NECTAR BEETROOT GINGER 750ML
Nectar Juice House,59BG,NECTAR BLUEBERRY GINGER 300ML
Nectar Juice House,359BG,NECTAR BLUEBERRY GINGER 750ML
Nectar Juice House,32CT,NECTAR CARROT TURMERIC 300ML X 12
Nectar Juice House,332CT,NECTAR CARROT TURMERIC 750ML
Nectar Juice House,30CO,NECTAR CLASSIC ORANGE 300ML  X 12
Nectar Juice House,330CO,NECTAR CLASSIC ORANGE 750ML
Nectar Juice House,31CA,NECTAR CLOUDY APPLE 300ML X 12
Nectar Juice House,331CA,NECTAR CLOUDY APPLE 750ML
Nectar Juice House,34IG,NECTAR ICONIC GREENS 300ML X12
Nectar Juice House,334IG,NECTAR ICONIC GREENS 750ML
Nectar Juice House,36PM,NECTAR PINEAPPLE MINT 300ML X 12
Nectar Juice House,336PM,NECTAR PINEAPPLE MINT 750ML
Nectar Juice House,35WL,NECTAR WATERMELON LIME 300ML X 12
Nectar Juice House,335WL,NECTAR WATERMELON LIME 750ML
La Stella,LSL662,BURRATA  6 x 100G
La Stella,LSL173,BURRATA 12 * 50G
La Stella,LSL066,BURRATA 36 TRAY 100G
La Stella,LSL070,FILLABELLA CUBETTO 2.5KG TRAY
La Stella,LSL096,FIOR DI LATTE 1KG
La Stella,FCCUBETTO,FIOR DI PIZZA CUBETTO 2.5KG TRAY
La Stella,FJULIENNE,FIOR DI PIZZA JULLIENE 2.5.KG TRAY
La Stella,LSL011,LA PERLA BUFFALO
La Stella,LSL019,LA SETLLA BUFFALO RICOTTA 500G [12/CTN]
La Stella,LSL050,LA STELLA COW'S STRACCHINO CHEESE 800G APPROX
La Stella,LSL251,LA STELLA SMOOTH COW'S RICOTTA CHEESE 2.2 KG
La Stella,LSL210,RICOTTA 10KG (2*5KG)
La Stella,LSL015,RICOTTA 1KG
La Stella,LSL121,SANTA LUCIA CHERRY BOCCONCINI 12.5G [1KG]
La Stella,LSL017,SCAMORZA WHITE LOG 1KG
La Stella,LSL001,SMOKED BUFFALO 1KG
La Stella,LSL016,SMOKED SCAMORZA 1KG LOG
La Stella,LSL013,STRACCIATELLA 2KG
La Stella,LSL012,STRACCIATELLA 6*300G BOX
SLADES BEVERGES PTY LTD,MF_T1L_OAT_AU_S,MINOR_FIGURES_BARISTA_ OAT_BOX1LX6
BIRCH AND WAITE PTY LTD,AGMA4566RB8,AIOLI GARLIC MAYONNAISE 10KG
BIRCH AND WAITE PTY LTD,BADI6725FK4,BABAGANOUSH 2.2KG
BIRCH AND WAITE PTY LTD,BERE2353FK3,BEETROOT RELISH 2.4KG
BIRCH AND WAITE PTY LTD,CAON2803FK3,CARAMELISED ONION 2.4KG
BIRCH AND WAITE PTY LTD,AISA5244FC3,CREAMY AIOLI SAUCE 120 * 25g
BIRCH AND WAITE PTY LTD,TOCH5154FC3,GOURMET TOMATO SAUCE 120 * 25g
BIRCH AND WAITE PTY LTD,VEGO4813FQ1,GREEN GODDESS DRESSING 1LT
BIRCH AND WAITE PTY LTD,HOSA4379FQ1,HOLLANDAISE SAUCE 1LT
BIRCH AND WAITE PTY LTD,HODI6575FK4,HOMMUS 2.2KG
BIRCH AND WAITE PTY LTD,TRMA2870FQ1,ITALIAN TRUFFLE MAYONNAISE 1LT
BIRCH AND WAITE PTY LTD,MISE6231FQ1,MISO AND ROASTED SESAME DRESSING 1LT
BIRCH AND WAITE PTY LTD,SIVE4505FB8,PLANT BASED MAYONNAISE 10KG
BIRCH AND WAITE PTY LTD,BWBS4759FQ1,PREMIUM BURGER SAUCE 1LT
BIRCH AND WAITE PTY LTD,SMPE2863FQ1,SMOKEY CHIPOTLE MAYONNAISE 1LT
BIRCH AND WAITE PTY LTD,JACH5313FQ1,SUKI MAYONNAISE 1LT
BIRCH AND WAITE PTY LTD,FFOR6820FK4,TARAMOSALATA 2.2KG
BIRCH AND WAITE PTY LTD,TORE2981FK3,TOMATO RELISH 2.4KG
BIRCH AND WAITE PTY LTD,FFWH6821FK4,WHITE TARAMOSOLATA 2.2KG
BIRCH AND WAITE PTY LTD,MAYO0124FB6,WHOLE EGG MAYONNAISE15KG
Campbells,2003,CREAM WHIPPED CAN 400GM
Campbells,5471,SALAMI HOT SLICED -PEPPERONI- 1KG
Campbells,6121,SALAMI MILD SLICED (KRC) 1KG
Campbells,2608,TOPPING STRAWBERRY EDLYN 3L
Campbells,2602,TOPPING CHOCOLATE EDLYN 3L
Campbells,7041,TOPPING VANILLA EDLYN 3L
PURE DAIRY,FS0042,UNIVERSAL SHREDDED MEXI BLEND 2KG
PURE DAIRY,FS0043,UNIVERSAL SHREDDED MOZZARELLA 2KG
PURE DAIRY,FS0044,UNIVERSAL SHREDDED TASTY CHEDDAR 2KG
PURE DAIRY,FS0015,THE BURGER CHEESE HI-MELT BURGER SLICES 96s
PURE DAIRY,FS0056,UNIVERSAL PERFECT MELT SHRED 2KG
PURE DAIRY,FS0008,GRATED PARMESAN DI PRATO
Quality Centre Food Services Pty Ltd,FRN001,TRUFFLE PECORINO WHEEL (3/CTN)
Quality Centre Food Services Pty Ltd,CAS033,LA FATTORIA FLAT PANCETTA APPROX 3 KG
FARM FRITES,161.008,FRAM FRITES FINEST FRIES 7MM
FARM FRITES,783.001,FARM FRITES HASHBROWNS MINI CHUNKY 10x1KG
FARM FRITES,437.001,FARM FRITES CRISPY COATED 10MM
FARM FRITES,647.007,FARM FRITES POTATO MASH 4*2.5KG
FTA FOOD SOLUTIONS,KAU01-5,TOMATO PULPY CRUSHED - KAGOME 3*5KG
Quality Centre Food Services Pty Ltd,$APS004,GRILLED EGGPLANT 5KG
Quality Centre Food Services Pty Ltd,LF109300,LA FATTORIA ABRUZZO SALAMI MILD 2.5KG PIECE APPROX
La Stella,LSL062-A,SMOKED BURRATA 100G [12/CTN]
Delivery fee,FUELEVY5,FUEL LEVY
Quality Centre Food Services Pty Ltd,GAROFA825,GAROFALO SQUID INK SPAGHETTI 500 G [12/CTN]
Quality Centre Food Services Pty Ltd,SOLMARZ3X3,SOLANIA SAN MARZANO D.O.P. PEELED TOMATOES 2.5 KG
BIRCH AND WAITE PTY LTD,TASA5699FB8,RICH TARTARE SAUCE 10KG
BIRCH AND WAITE PTY LTD,CHSA5893FQ1,BELGIAN CHOCOLATE SAUCE 1LT
Quality Centre Food Services Pty Ltd,GREF88-400G,GAROFALO CASARECCE GLUTEN FREE [400G/PKT] [12/CTN]
BIRCH AND WAITE PTY LTD,TZDI6616FK4,TZATZIKI 2.2kg
BIRCH AND WAITE PTY LTD,JADR3875FQ1,JAPANESE STYLE DRESSING 1LT
Quality Centre Food Services Pty Ltd,GREF570-400G,GAROFALO PENNE RIGATE GLUTEN FREE [400G/PKT] [12/C
Quality Centre Food Services Pty Ltd,HOTPEPPER1KG,MURACA SPICY HOT CALABRIAN CHILIPEPPERSINOIL1kg(6)
REPERTORIE CULINARIE AUS,ICO0AU0000254,CHOCOLATE COUVERTURE VANUATU DARK 55% 12KG BAG
REPERTORIE CULINARIE AUS,ICO0AU0000255,CHOCOLATE COUVERTURE WHITE 29.8% LCCP 12 KG BAG
REPERTORIE CULINARIE AUS,ICO0AU0000256,CHOCOLATE COUVERTURE VANUATU MILK 35% LCCP 12 KG
Delivery fee,DELFEE15,DELIVERY FEE 15
Lactalis Australia Pty Ltd,245400,OAK BANANA 600ML
